,es,fr,ht,ar,so,ur,zh,yi,es_nci
desc:ind:fda.verzenio:0,1.4338258504867554,1.2365026473999023,2.4551830291748047,3.257570266723633,4.5948686599731445,2.490201473236084,1.3547865152359009,2.6675729751586914,1.6442457437515259
desc:stmt:fda.verzenio:0,1.618237018585205,2.469975471496582,4.588915824890137,2.409709930419922,3.898531436920166,3.9535512924194336,2.9937312602996826,6.158545970916748,1.9285860061645508
desc:ind:fda.verzenio:1,1.3990075588226318,1.9048901796340942,2.1168763637542725,4.017246246337891,5.880725860595703,3.1341967582702637,1.5328497886657715,2.794771671295166,1.5738608837127686
desc:stmt:fda.verzenio:1,1.5379290580749512,2.3441548347473145,2.8409836292266846,2.4749398231506348,5.110641002655029,3.4786245822906494,4.329702377319336,3.511425495147705,1.8935405015945435
desc:ind:fda.verzenio:2,1.7019526958465576,1.1735448837280273,2.2674317359924316,4.238773345947266,6.601527214050293,3.5895652770996094,2.725092887878418,2.5058722496032715,2.0208005905151367
all,1.5381904363632202,1.825813603401184,2.853878116607666,3.2796479225158692,5.2172588348388675,3.329227876663208,2.587232565879822,3.5276376724243166,1.812206745147705
