,es,fr,ht,ar,so,ur,zh,yi,es_nci
desc:ind:fda.verzenio:0,0.8433195948600769,0.8404784202575684,0.520839273929596,0.7259060144424438,0.6038007736206055,0.8106292486190796,0.8450415730476379,0.7844439744949341,0.8501169681549072
desc:stmt:fda.verzenio:0,0.8344327807426453,0.8215934038162231,0.47689762711524963,0.7208101749420166,0.6110429167747498,0.7478160858154297,0.8315966129302979,0.7681704163551331,0.8139277696609497
desc:ind:fda.verzenio:1,0.8657649755477905,0.8540078997612,0.4669671952724457,0.7334195375442505,0.585391640663147,0.8176674246788025,0.8498452305793762,0.8383725881576538,0.8625444173812866
desc:stmt:fda.verzenio:1,0.8550626635551453,0.83646559715271,0.48459309339523315,0.678463339805603,0.6482936143875122,0.7710422277450562,0.8257325887680054,0.8137146234512329,0.8496415615081787
desc:ind:fda.verzenio:2,0.8624564409255981,0.8536811470985413,0.44982004165649414,0.7192649841308594,0.5679876208305359,0.8103246688842773,0.8186334371566772,0.8358974456787109,0.8648361563682556
all,0.8522072911262513,0.8412452936172485,0.4798234462738037,0.7155728101730346,0.6033033132553101,0.791495931148529,0.834169888496399,0.8081198096275329,0.8482133746147156
